Model,Time
ModelA,2.5645229816436768
ModelB,2.5539157390594482
ModelC,2.2521839141845703
