Model,Time
Model1,2.400722026824951
Model2,2.365534782409668
Model3,2.445232391357422
