Model,Time
ModelA,2.381984233856201
ModelB,2.413374423980713
ModelC,2.3425145149230957
